week_start,publisher,CDU/CSU_count,CDU/CSU_total,SPD_count,SPD_total,Grüne_count,Grüne_total,FDP_count,FDP_total,AfD_count,AfD_total,Die Linke_count,Die Linke_total,CDU/CSU_pct,SPD_pct,Grüne_pct,FDP_pct,AfD_pct,Die Linke_pct
2014-04-15,Der Spiegel,0,0,0,0,0,0,0,0,0,0,0,0,0.0,0.0,0.0,0.0,0.0,0.0
2020-03-31,Der Spiegel,0,0,0,0,0,0,0,0,0,0,0,0,0.0,0.0,0.0,0.0,0.0,0.0
2020-06-30,Der Spiegel,0,0,0,0,0,0,0,0,0,0,0,0,0.0,0.0,0.0,0.0,0.0,0.0
2024-06-25,Der Spiegel,0,0,0,0,0,0,0,0,1,1,0,0,0.0,0.0,0.0,0.0,100.0,0.0
2025-01-14,Der Spiegel,0,0,0,0,0,0,0,0,0,0,0,0,0.0,0.0,0.0,0.0,0.0,0.0
2025-07-08,Der Spiegel,0,0,1,1,0,0,0,0,0,0,0,0,0.0,100.0,0.0,0.0,0.0,0.0
2025-08-12,Der Spiegel,0,0,0,0,0,0,0,0,0,0,1,1,0.0,0.0,0.0,0.0,0.0,100.0
2025-08-19,Der Spiegel,2,4,0,0,3,4,0,0,0,0,0,0,50.0,0.0,50.0,0.0,0.0,0.0
2025-08-26,Der Spiegel,23,30,9,12,6,10,2,5,4,4,2,5,45.0,18.0,15.0,8.0,6.0,8.0
2025-09-09,Der Spiegel,0,0,0,0,0,0,0,0,0,0,0,0,0.0,0.0,0.0,0.0,0.0,0.0
2025-09-16,Der Spiegel,0,0,0,0,0,0,0,0,0,0,0,0,0.0,0.0,0.0,0.0,0.0,0.0
2025-11-25,Der Spiegel,7,19,6,8,2,9,0,0,6,23,0,0,32.0,14.0,15.0,0.0,39.0,0.0
2025-12-02,Der Spiegel,0,0,0,0,0,0,0,0,0,0,0,0,0.0,0.0,0.0,0.0,0.0,0.0
2025-12-09,Der Spiegel,1,1,0,0,0,0,0,0,0,0,0,0,100.0,0.0,0.0,0.0,0.0,0.0
2025-12-16,Der Spiegel,6,9,3,7,1,1,1,1,0,0,0,0,50.0,39.0,6.0,6.0,0.0,0.0
2025-12-30,Der Spiegel,0,0,0,0,0,0,0,0,0,0,0,0,0.0,0.0,0.0,0.0,0.0,0.0
2026-01-06,Der Spiegel,21,27,10,12,5,9,2,3,6,8,3,3,44.0,19.0,15.0,5.0,13.0,5.0
2026-01-13,Der Spiegel,33,53,18,29,7,11,6,7,11,15,2,3,45.0,25.0,9.0,6.0,13.0,3.0
2026-01-20,Der Spiegel,32,56,15,24,7,26,8,12,8,20,2,3,40.0,17.0,18.0,9.0,14.0,2.0
2026-01-27,Der Spiegel,19,60,12,15,4,7,2,3,8,13,5,9,56.0,14.0,7.0,3.0,12.0,8.0
2026-02-03,Der Spiegel,24,46,14,34,9,21,4,4,17,23,1,1,36.0,26.0,16.0,3.0,18.0,1.0
2026-02-10,Der Spiegel,33,62,19,21,10,15,1,1,12,18,2,2,52.0,18.0,13.0,1.0,15.0,2.0
2026-02-17,Der Spiegel,32,62,10,23,9,12,6,12,13,29,3,3,44.0,16.0,9.0,9.0,21.0,2.0
2026-02-24,Der Spiegel,39,60,22,32,10,26,8,11,11,26,1,1,38.0,21.0,17.0,7.0,17.0,1.0
2026-03-03,Der Spiegel,38,100,21,22,19,68,7,72,13,37,1,1,33.0,7.0,23.0,24.0,12.0,0.0
2026-03-10,Der Spiegel,26,46,21,40,8,11,10,12,18,39,3,6,30.0,26.0,7.0,8.0,25.0,4.0
2026-03-17,Der Spiegel,18,36,8,11,9,19,3,9,6,19,1,1,38.0,12.0,20.0,9.0,20.0,1.0
2023-03-07,Die Bild,0,0,0,0,0,0,0,0,0,0,0,0,0.0,0.0,0.0,0.0,0.0,0.0
2024-10-01,Die Bild,0,0,0,0,0,0,0,0,0,0,0,0,0.0,0.0,0.0,0.0,0.0,0.0
2025-08-19,Die Bild,2,2,1,1,1,2,0,0,1,1,0,0,33.0,17.0,33.0,0.0,17.0,0.0
2025-08-26,Die Bild,25,54,17,31,6,12,4,6,5,10,0,0,48.0,27.0,11.0,5.0,9.0,0.0
2025-11-25,Die Bild,8,32,10,34,3,8,2,2,8,22,2,2,32.0,34.0,8.0,2.0,22.0,2.0
2025-12-09,Die Bild,0,0,0,0,0,0,0,0,0,0,0,0,0.0,0.0,0.0,0.0,0.0,0.0
2025-12-16,Die Bild,2,6,1,1,2,6,0,0,0,0,0,0,46.0,8.0,46.0,0.0,0.0,0.0
2026-01-06,Die Bild,25,48,11,13,5,13,1,2,4,12,2,2,53.0,14.0,14.0,2.0,13.0,2.0
2026-01-13,Die Bild,20,38,10,33,5,24,5,6,11,25,2,5,29.0,25.0,18.0,5.0,19.0,4.0
2026-01-20,Die Bild,31,61,18,25,9,21,6,7,12,28,1,1,43.0,17.0,15.0,5.0,20.0,1.0
2026-01-27,Die Bild,27,70,18,37,5,8,5,5,10,28,1,1,47.0,25.0,5.0,3.0,19.0,1.0
2026-02-03,Die Bild,18,48,13,29,5,6,2,2,10,24,4,5,42.0,25.0,5.0,2.0,21.0,4.0
2026-02-10,Die Bild,25,42,14,27,12,16,4,5,10,24,2,3,36.0,23.0,14.0,4.0,21.0,3.0
2026-02-17,Die Bild,31,70,21,56,7,11,6,7,10,34,2,3,39.0,31.0,6.0,4.0,19.0,2.0
2026-02-24,Die Bild,20,45,16,32,13,30,0,0,13,39,2,9,29.0,21.0,19.0,0.0,25.0,6.0
2026-03-03,Die Bild,39,106,17,43,26,112,10,16,18,43,4,7,32.0,13.0,34.0,5.0,13.0,2.0
2026-03-10,Die Bild,31,75,20,49,12,34,3,7,12,44,3,4,35.0,23.0,16.0,3.0,21.0,2.0
2026-03-17,Die Bild,21,53,9,33,5,5,4,5,6,24,1,1,44.0,27.0,4.0,4.0,20.0,1.0
2024-11-26,Die FAZ,0,0,0,0,0,0,0,0,0,0,0,0,0.0,0.0,0.0,0.0,0.0,0.0
2025-01-07,Die FAZ,0,0,0,0,0,0,0,0,0,0,0,0,0.0,0.0,0.0,0.0,0.0,0.0
2025-03-25,Die FAZ,0,0,0,0,0,0,0,0,0,0,0,0,0.0,0.0,0.0,0.0,0.0,0.0
2025-06-03,Die FAZ,0,0,0,0,0,0,0,0,0,0,0,0,0.0,0.0,0.0,0.0,0.0,0.0
2025-06-24,Die FAZ,0,0,0,0,0,0,0,0,0,0,0,0,0.0,0.0,0.0,0.0,0.0,0.0
2025-07-08,Die FAZ,0,0,0,0,0,0,0,0,0,0,0,0,0.0,0.0,0.0,0.0,0.0,0.0
2025-07-29,Die FAZ,0,0,0,0,0,0,0,0,0,0,0,0,0.0,0.0,0.0,0.0,0.0,0.0
2025-08-05,Die FAZ,0,0,0,0,0,0,0,0,0,0,0,0,0.0,0.0,0.0,0.0,0.0,0.0
2025-08-12,Die FAZ,0,0,1,1,0,0,1,1,0,0,0,0,0.0,50.0,0.0,50.0,0.0,0.0
2025-08-19,Die FAZ,2,3,2,5,3,3,0,0,1,1,0,0,25.0,42.0,25.0,0.0,8.0,0.0
2025-08-26,Die FAZ,22,35,29,39,11,13,5,7,8,9,1,1,34.0,38.0,12.0,7.0,9.0,1.0
2025-10-28,Die FAZ,0,0,0,0,0,0,0,0,0,0,0,0,0.0,0.0,0.0,0.0,0.0,0.0
2025-11-18,Die FAZ,0,0,0,0,1,1,0,0,0,0,0,0,0.0,0.0,100.0,0.0,0.0,0.0
2025-11-25,Die FAZ,6,9,4,5,6,8,5,8,6,15,0,0,20.0,11.0,18.0,18.0,33.0,0.0
2025-12-02,Die FAZ,0,0,0,0,0,0,0,0,0,0,0,0,0.0,0.0,0.0,0.0,0.0,0.0
2025-12-09,Die FAZ,0,0,0,0,0,0,0,0,0,0,0,0,0.0,0.0,0.0,0.0,0.0,0.0
2025-12-16,Die FAZ,13,14,7,8,5,6,4,5,5,7,1,1,34.0,20.0,15.0,12.0,17.0,2.0
2025-12-23,Die FAZ,0,0,0,0,1,1,0,0,0,0,0,0,0.0,0.0,100.0,0.0,0.0,0.0
2025-12-30,Die FAZ,2,2,0,0,1,1,0,0,0,0,0,0,67.0,0.0,33.0,0.0,0.0,0.0
2026-01-06,Die FAZ,27,43,16,33,8,17,9,34,23,43,3,4,25.0,19.0,10.0,20.0,25.0,2.0
2026-01-13,Die FAZ,63,113,48,90,22,45,14,18,26,47,6,6,35.0,28.0,14.0,6.0,15.0,2.0
2026-01-20,Die FAZ,74,130,45,80,31,113,11,13,31,57,10,13,32.0,20.0,28.0,3.0,14.0,3.0
2026-01-27,Die FAZ,48,88,31,50,31,56,19,37,38,78,8,10,28.0,16.0,18.0,12.0,24.0,3.0
2026-02-03,Die FAZ,60,122,44,101,30,44,14,19,30,92,10,14,31.0,26.0,11.0,5.0,23.0,4.0
2026-02-10,Die FAZ,54,99,40,80,25,54,18,37,32,78,7,24,27.0,22.0,15.0,10.0,21.0,6.0
2026-02-17,Die FAZ,66,186,46,106,31,58,19,30,36,92,9,12,38.0,22.0,12.0,6.0,19.0,2.0
2026-02-24,Die FAZ,71,152,54,113,29,86,28,56,29,80,5,7,31.0,23.0,17.0,11.0,16.0,1.0
2026-03-03,Die FAZ,88,253,64,128,45,180,26,73,39,97,14,16,34.0,17.0,24.0,10.0,13.0,2.0
2026-03-10,Die FAZ,83,194,60,153,36,162,27,49,40,86,15,27,29.0,23.0,24.0,7.0,13.0,4.0
2026-03-17,Die FAZ,58,165,41,105,37,89,20,43,29,69,13,21,34.0,21.0,18.0,9.0,14.0,4.0
2017-09-19,Die Zeit,0,0,0,0,0,0,0,0,0,0,0,0,0.0,0.0,0.0,0.0,0.0,0.0
2022-11-15,Die Zeit,0,0,0,0,0,0,0,0,0,0,0,0,0.0,0.0,0.0,0.0,0.0,0.0
2025-04-01,Die Zeit,0,0,0,0,0,0,0,0,0,0,0,0,0.0,0.0,0.0,0.0,0.0,0.0
2025-04-15,Die Zeit,0,0,0,0,0,0,0,0,0,0,0,0,0.0,0.0,0.0,0.0,0.0,0.0
2025-04-22,Die Zeit,0,0,0,0,0,0,0,0,0,0,0,0,0.0,0.0,0.0,0.0,0.0,0.0
2025-04-29,Die Zeit,1,1,1,1,0,0,0,0,0,0,0,0,50.0,50.0,0.0,0.0,0.0,0.0
2025-07-29,Die Zeit,0,0,0,0,0,0,0,0,0,0,0,0,0.0,0.0,0.0,0.0,0.0,0.0
2025-08-05,Die Zeit,0,0,0,0,0,0,0,0,0,0,0,0,0.0,0.0,0.0,0.0,0.0,0.0
2025-08-12,Die Zeit,0,0,0,0,0,0,0,0,0,0,0,0,0.0,0.0,0.0,0.0,0.0,0.0
2025-08-19,Die Zeit,2,5,1,1,2,3,0,0,1,1,1,1,45.0,9.0,27.0,0.0,9.0,9.0
2025-08-26,Die Zeit,25,48,14,26,4,5,2,2,4,7,1,1,54.0,29.0,6.0,2.0,8.0,1.0
2025-09-02,Die Zeit,0,0,0,0,0,0,0,0,0,0,0,0,0.0,0.0,0.0,0.0,0.0,0.0
2025-09-09,Die Zeit,0,0,0,0,0,0,0,0,0,0,0,0,0.0,0.0,0.0,0.0,0.0,0.0
2025-09-23,Die Zeit,0,0,0,0,0,0,0,0,0,0,0,0,0.0,0.0,0.0,0.0,0.0,0.0
2025-11-04,Die Zeit,1,1,1,1,1,1,1,1,1,1,0,0,20.0,20.0,20.0,20.0,20.0,0.0
2025-11-11,Die Zeit,0,0,0,0,0,0,0,0,0,0,0,0,0.0,0.0,0.0,0.0,0.0,0.0
2025-11-18,Die Zeit,1,2,0,0,0,0,0,0,0,0,0,0,100.0,0.0,0.0,0.0,0.0,0.0
2025-11-25,Die Zeit,11,26,7,13,6,24,0,0,11,30,2,3,27.0,14.0,25.0,0.0,31.0,3.0
2025-07-29,Süddeutsche Zeitung,0,0,0,0,0,0,0,0,0,0,0,0,0.0,0.0,0.0,0.0,0.0,0.0
2025-08-05,Süddeutsche Zeitung,0,0,0,0,0,0,0,0,0,0,0,0,0.0,0.0,0.0,0.0,0.0,0.0
2025-08-12,Süddeutsche Zeitung,0,0,0,0,1,1,0,0,0,0,0,0,0.0,0.0,100.0,0.0,0.0,0.0
2025-08-19,Süddeutsche Zeitung,2,3,1,1,2,3,1,1,1,1,0,0,33.0,11.0,33.0,11.0,11.0,0.0
2025-08-26,Süddeutsche Zeitung,12,24,10,20,9,12,2,5,3,9,0,0,34.0,29.0,17.0,7.0,13.0,0.0
2025-11-04,Süddeutsche Zeitung,0,0,0,0,0,0,0,0,0,0,0,0,0.0,0.0,0.0,0.0,0.0,0.0
2025-11-11,Süddeutsche Zeitung,0,0,0,0,0,0,0,0,1,1,0,0,0.0,0.0,0.0,0.0,100.0,0.0
2025-11-18,Süddeutsche Zeitung,1,2,0,0,0,0,0,0,1,2,0,0,50.0,0.0,0.0,0.0,50.0,0.0
2025-11-25,Süddeutsche Zeitung,7,18,5,6,2,3,2,2,6,27,2,2,31.0,10.0,5.0,3.0,47.0,3.0
